,SCHID,AGEC_NEW,SCHTREAT_(1) Treatment school (Roots meetings 2012-2013),GENDER_(1) Boy,GR_(1) 6th grade,GR_(2) 7th grade,GR_(3) 8th grade,COLL_(1) Yes,COLL_(2) Maybe,COLL_(3) Don't know,CELL_(1) Cell phone without Internet,CELL_(2) Cell phone with Internet,FSCH_(1) Do go to this school,composite_conflict_score
0,1,12.296296296296296,1.0,0.5925925925925926,0.2222222222222222,0.3333333333333333,0.3333333333333333,0.7407407407407407,0.1111111111111111,0.0,0.37037037037037035,0.37037037037037035,0.7037037037037037,3.5833333333333335
1,2,11.75,0.0,0.46938775510204084,0.22448979591836735,0.14285714285714285,0.3673469387755102,0.7959183673469388,0.10204081632653061,0.02040816326530612,0.20408163265306123,0.4897959183673469,0.7755102040816326,3.076530612244898
2,3,12.5,1.0,0.6111111111111112,0.0,0.5,0.5,0.8888888888888888,0.1111111111111111,0.0,0.3333333333333333,0.4444444444444444,0.9444444444444444,3.875
3,5,12.666666666666666,0.0,0.4166666666666667,0.0,0.4166666666666667,0.4166666666666667,0.75,0.08333333333333333,0.0,0.16666666666666666,0.6666666666666666,0.75,5.083333333333333
4,6,12.55,1.0,0.43902439024390244,0.0,0.43902439024390244,0.4146341463414634,0.7804878048780488,0.07317073170731707,0.0,0.36585365853658536,0.36585365853658536,0.7560975609756098,4.591463414634147
5,7,12.192307692307692,0.0,0.5769230769230769,0.28846153846153844,0.2692307692307692,0.4423076923076923,0.8269230769230769,0.09615384615384616,0.038461538461538464,0.5192307692307693,0.4230769230769231,0.9423076923076923,3.3990384615384617
6,8,11.733333333333333,0.0,0.4126984126984127,0.25396825396825395,0.15873015873015872,0.2857142857142857,0.6984126984126984,0.12698412698412698,0.031746031746031744,0.3968253968253968,0.2857142857142857,0.6190476190476191,4.017857142857143
